A1	AACT	arach169-4	P. esculentum subsp. arachnoideum
A2	CCTA	arach1629-1	P. esculentum subsp. arachnoideum
*A3	TTACC	arach1285-10	P. esculentum subsp. arachnoideum
A4	GAGGT	arach410-1	P. esculentum subsp. arachnoideum
*A5	AGACGT	paedo356-4	P. esculentum subsp. arachnoideum var paedomorficum
*A6	CCGATC	gry17376	P. esculentum subsp. gryphus
*A7	ATCTCGC	arach2664	P. esculentum subsp. arachnoideum
A8	TATGGCC	arach8241	P. esculentum subsp. arachnoideum
A9	GGAATTGC	gry4508	P. esculentum subsp. gryphus
*A10	CCTCAGGC	387CRDQ	P. esculentum
B1	AACT	arach169-8	P. esculentum subsp. arachnoideum
B2	CCTA	arach1611-1	P. esculentum subsp. arachnoideum
B3	TTACC	gry509-10	P. esculentum subsp. gryphus
B4	GAGGT	gry404-3	P. esculentum subsp. gryphus
*B5	AGACGT	arach2837	P. esculentum subsp. arachnoideum
B6	CCGATC	gry3509	P. esculentum subsp. gryphus
*B7	ATCTCGC	arach1648	P. esculentum subsp. arachnoideum
*B8	TATGGCC	paedo2218	P. esculentum subsp. arachnoideum var paedomorficum
*B9	GGAATTGC	arach106	P. esculentum subsp. arachnoideum
*B10	CCTCAGGC	401RYNA	P. esculentum
*C1	AACT	paedo361-10	P. esculentum subsp. arachnoideum var paedomorficum
C2	CCTA	arach1611-3	P. esculentum subsp. arachnoideum
C3	TTACC	gry509-2	P. esculentum subsp. gryphus
C4	GAGGT	gry404-5	P. esculentum subsp. gryphus
*C5	AGACGT	arach2838	P. esculentum subsp. arachnoideum
*C6	CCGATC	camp1	P. esculentum subsp. campestre
C7	ATCTCGC	arach2128	P. esculentum subsp. arachnoideum
C8	TATGGCC	paedo2570	P. esculentum subsp. arachnoideum var paedomorficum
*C9	GGAATTGC	harp868	P. esculentum subsp. gryphus var harpianum
C10	CCTCAGGC	083WAWA	P. esculentum
D1	AACT	arach1654-7	P. esculentum subsp. arachnoideum
D2	CCTA	arach205-10	P. esculentum subsp. arachnoideum
*D3	TTACC	gry509-6	P. esculentum subsp. gryphus
D4	GAGGT	camp3785	P. esculentum subsp. campestre
*D5	AGACGT	ruf5014	indet
*D6	CCGATC	glab1375	indet
D7	ATCTCGC	paedo3844	P. esculentum subsp. arachnoideum var paedomorficum
*D8	TATGGCC	paedo3328	P. esculentum subsp. arachnoideum var paedomorficum
*D9	GGAATTGC	gry2932	P. esculentum subsp. gryphus
D10	CCTCAGGC	aqui5015	P. aquilinum subsp. feii
E1	AACT	arach1670-1	P. esculentum subsp. arachnoideum
E2	CCTA	arach205-2	P. esculentum subsp. arachnoideum
E3	TTACC	arach1133-2	P. esculentum subsp. arachnoideum
*E4	GAGGT	camp3791	P. esculentum subsp. campestre
E5	AGACGT	gry290	P. esculentum subsp. gryphus
E6	CCGATC	glab105	indet
*E7	ATCTCGC	arach1643	P. esculentum subsp. arachnoideum
E8	TATGGCC	wolf-1001	P. esculentum subsp. arachnoideum
*E9	GGAATTGC	gry321	P. esculentum subsp. gryphus
E10	CCTCAGGC	wolf-1002	P. caudatum
F1	AACT	arach1685-4	P. esculentum subsp. arachnoideum
F2	CCTA	arach205-7	P. esculentum subsp. arachnoideum
F3	TTACC	arach1141-6	P. esculentum subsp. arachnoideum
F4	GAGGT	arach437-1	P. esculentum subsp. arachnoideum
F5	AGACGT	harp1623	P. esculentum subsp. gryphus var harpianum
*F6	CCGATC	arach4398	P. esculentum subsp. arachnoideum
*F7	ATCTCGC	026OPBR	P. esculentum subsp. arachnoideum
*F8	TATGGCC	317SPBR	P. esculentum subsp. arachnoideum
*F9	GGAATTGC	paedo1942	P. esculentum subsp. arachnoideum var paedomorficum
*F10	CCTCAGGC	cau1846-2	P. caudatum
G1	AACT	arach1685-6	P. esculentum subsp. arachnoideum
G2	CCTA	arach1285-1	P. esculentum subsp. arachnoideum
G3	TTACC	arach379-1	P. esculentum subsp. arachnoideum
G4	GAGGT	arach437-9	P. esculentum subsp. arachnoideum
*G5	AGACGT	harpP1	P. esculentum subsp. gryphus var harpianum
G6	CCGATC	arach292	P. esculentum subsp. arachnoideum
*G7	ATCTCGC	arach2092	P. esculentum subsp. arachnoideum
*G8	TATGGCC	harp12783	P. esculentum subsp. gryphus var harpianum
*G9	GGAATTGC	324HNNZ	P. esculentum
*H1	AACT	arach1624-2	P. esculentum subsp. arachnoideum
H2	CCTA	arach1293-10	P. esculentum subsp. arachnoideum
H3	TTACC	arach379-8	P. esculentum subsp. arachnoideum
H4	GAGGT	arach457-6	P. esculentum subsp. arachnoideum
H5	AGACGT	harpP2	P. esculentum subsp. gryphus var harpianum
H6	CCGATC	arach905	P. esculentum subsp. arachnoideum
*H7	ATCTCGC	arach3273	P. esculentum subsp. arachnoideum
*H8	TATGGCC	gry4547	P. esculentum subsp. gryphus
*H9	GGAATTGC	127KEWA	P. esculentum
